{
    "E2NN": {
        "joint1_mse": 0.006682479771933354,
        "joint2_mse": 0.002875023397883305,
        "joint3_mse": 0.00045419719596101314,
        "avg_mse": 0.003337233455259224
    },
    "VanillaFNN": {
        "joint1_mse": 0.2949801534126652,
        "joint2_mse": 0.07495252251421167,
        "joint3_mse": 0.0133918316129925,
        "avg_mse": 0.1277748358466231
    },
    "VanillaRNN": {
        "joint1_mse": 0.06802869639934897,
        "joint2_mse": 0.02500206137731519,
        "joint3_mse": 0.006523098905217067,
        "avg_mse": 0.03318461889396041
    }
}