{
    "E2NN": {
        "joint1_mse": 0.008944551650119028,
        "joint2_mse": 0.004475018761777308,
        "joint3_mse": 0.0007045711787252261,
        "avg_mse": 0.004708047196873854
    },
    "VanillaFNN": {
        "joint1_mse": 0.27696675614963034,
        "joint2_mse": 0.09011507058551148,
        "joint3_mse": 0.010578736067258246,
        "avg_mse": 0.12588685426746668
    },
    "VanillaRNN": {
        "joint1_mse": 0.08581896428044976,
        "joint2_mse": 0.03603091709885419,
        "joint3_mse": 0.008983243051273041,
        "avg_mse": 0.04361104147685899
    }
}