{
    "E2NN": {
        "joint1_mse": 0.0164380282981459,
        "joint2_mse": 0.00563661746103233,
        "joint3_mse": 0.0011073534605253745,
        "avg_mse": 0.007727333073234535
    },
    "VanillaFNN": {
        "joint1_mse": 0.25132274829040974,
        "joint2_mse": 0.04747901553632054,
        "joint3_mse": 0.012692438785391372,
        "avg_mse": 0.10383140087070723
    },
    "VanillaRNN": {
        "joint1_mse": 0.18556601699886224,
        "joint2_mse": 0.023376401760671853,
        "joint3_mse": 0.010327226393997194,
        "avg_mse": 0.07308988171784377
    }
}