{
    "E2NN": {
        "joint1_mse": 0.01193651800266605,
        "joint2_mse": 0.004241569516889475,
        "joint3_mse": 0.000833347733974069,
        "avg_mse": 0.005670478417843198
    },
    "VanillaFNN": {
        "joint1_mse": 0.22237192066523986,
        "joint2_mse": 0.10147923386058465,
        "joint3_mse": 0.015596935267177947,
        "avg_mse": 0.11314936326433415
    },
    "VanillaRNN": {
        "joint1_mse": 0.3137255673060671,
        "joint2_mse": 0.042626330471358116,
        "joint3_mse": 0.010105041417199387,
        "avg_mse": 0.12215231306487485
    }
}